file,beforeMedianBytes,afterMedianBytes,savedBytes
/assets/audio/score-calm.webm,1226792,0,1226792
/assets/models/veh.suv-green.lod1.glb,843647,0,843647
/assets/models/bld.mainstreet-brick.lod1.glb,834874,0,834874
/assets/models/veh.courier-van.lod1.glb,731721,0,731721
/assets/audio/ambience.webm,386935,0,386935
/assets/audio/music-L1.webm,270627,0,270627
/assets/models/veh.pickup-white.lod1.glb,237950,0,237950
/assets/models/bld.clinic-annex.lod1.glb,211012,0,211012
/assets/models/bld.house-e.lod1.glb,421992,211083,210909
/assets/models/veh.sedan-green.lod1.glb,188480,0,188480
/assets/models/veh.sedan-red.lod1.glb,121110,0,121110
/assets/models/bld.garage-detached.lod1.glb,113414,0,113414
/assets/models/prop.lab-signs.lod1.glb,94228,0,94228
/assets/models/bld.courier-depot.lod1.glb,84621,0,84621
/assets/models/wpn.nail-bat.glb,69011,0,69011
/assets/models/thr.flashbang.glb,67907,0,67907
/assets/models/wpn.smg.glb,65519,0,65519
/assets/models/wpn.shotgun.glb,59510,0,59510
/assets/models/wpn.fire-axe.glb,55426,0,55426
/assets/models/wpn.assault-rifle.glb,53643,0,53643
/assets/models/wpn.knife.glb,52354,0,52354
/assets/models/wpn.nail-gun.glb,51895,0,51895
/assets/models/wpn.rocket-launcher.glb,51082,0,51082
/assets/models/wpn.hunting-rifle.glb,46130,0,46130
/assets/models/thr.pipe-bomb.glb,45317,0,45317
/assets/models/thr.molotov.glb,43797,0,43797
/assets/models/wpn.machete.glb,37521,0,37521
/assets/models/wpn.crowbar.glb,35793,0,35793
/assets/models/prop.flamingo.lod1.glb,22305,0,22305
/assets/models/prop.street-tree.lod2.glb,43564,21820,21744
/assets/models/prop.bbq.lod1.glb,16247,0,16247
/assets/models/prop.laundry-line.lod1.glb,15876,0,15876
/assets/models/prop.trash-bags.lod1.glb,15055,0,15055
/assets/models/prop.carpet.lod1.glb,14127,0,14127
/assets/models/prop.gnome.lod1.glb,13996,0,13996
/assets/models/prop.wheelbarrow.lod1.glb,13980,0,13980
/assets/models/prop.crates.lod1.glb,12103,0,12103
/assets/models/prop.pallet.lod1.glb,4425,0,4425
/assets/models/char.survivor-female.glb,167160,167136,24
/assets/models/wpn.baseball-bat.glb,22223,22200,23
/assets/models/bld.house-b.lod2.glb,377832,377823,9
/assets/models/npc.lab-guard.lod1.glb,74992,74990,2
/build/modulepreload-polyfill-HASH.js,413,412,1
/build/preload-helper-HASH.js,637,636,1
/build/lookPatch-HASH.js,3239,3238,1
/assets/audio/barks.webm,337558,337557,1
/assets/models/char.survivor-male.glb,284958,284957,1
/assets/models/prop.privacy-fence.lod1.glb,19969,19968,1
/assets/models/prop.hedge.lod2.glb,7807,7806,1
/assets/models/bld.house-b.lod1.glb,750734,750733,1
/assets/models/prop.picket-fence.lod2.glb,4419,4418,1
/assets/models/prop.street-tree.lod1.glb,21821,21820,1
/assets/models/char.courier-female.glb,191692,191691,1
/assets/models/npc.lab-tech-b.lod1.glb,74236,74235,1
/assets/models/npc.civilian-man-a.lod2.glb,37102,37101,1
/assets/models/npc.civilian-woman-b.lod1.glb,66184,66183,1
/assets/models/npc.civilian-woman-b.lod2.glb,43962,43961,1
/assets/models/npc.firefighter-alive.lod2.glb,46814,46813,1
/assets/models/inf.common-worker.lod1.glb,65371,65370,1
/assets/models/prop.yard-gate.glb,35526,35525,1
/assets/models/kit.car-wash.glb,208461,208460,1
/assets/models/prop.sprinkler.lod2.glb,5419,5418,1
/assets/models/veh.sedan-blue.lod2.glb,51199,51198,1
/assets/models/prop.flamingo.lod2.glb,6799,6798,1
/assets/models/prop.street-tree-blossom.lod1.glb,21997,21996,1
/assets/models/bld.house-a.lod1.glb,901243,901242,1
/assets/models/bld.house-a.lod2.glb,442003,442002,1
/assets/models/bld.bus-stop.lod1.glb,90057,90056,1
/assets/models/bld.gas-station.lod2.glb,419950,419949,1
/assets/models/prop.fire-hydrant.lod2.glb,9863,9862,1
/assets/models/prop.traffic-cone.lod1.glb,8915,8914,1
/assets/models/prop.vending-machine.lod2.glb,41482,41481,1
/assets/models/bld.house-d.glb,968104,968103,1
/assets/models/prop.bike-rack.glb,45054,45053,1
/assets/models/prop.street-lamp.glb,77996,77995,1
/assets/decals/blood-pool.png,9433,9432,1
/assets/decals/blood-trail.png,13403,13402,1
/assets/ui/portrait-survivor-f.png,52806,52805,1
/assets/ui/portrait-corgi.png,52617,52616,1
/build/three.module-HASH.js,71424,71424,0
/build/rapier-HASH.js,32945,32945,0
/build/crowd-HASH.js,245230,245230,0
/build/index-C0cZXWry.css,6051,6051,0
/assets/audio/l1arc.webm,205514,205514,0
image/webp;base64,UklGRlwAAABXRUJQVlA4IFAAAACwAwCdASoYAA4APwForE6rJaQiMAgBYCAJYgCdMoACbuMF44YLPAD+ncp5GyIBmYVP3q0+3SrN/PHl03qI0TEPe49i+LnCNoIp8MLply0AAA==,100,100,0
/assets/layouts/D-GROVE.layout.json,60310,60310,0
/assets/layouts/D-GROVE.base.glb,1782960,1782960,0
/assets/models/prop.privacy-fence.lod2.glb,5575,5575,0
/assets/models/prop.hedge.lod1.glb,7854,7854,0
/assets/models/prop.garden-bush.lod1.glb,6759,6759,0
/assets/models/npc.lab-tech-a.lod1.glb,79723,79723,0
/assets/models/npc.lab-tech-a.lod2.glb,41857,41857,0
/assets/models/npc.lab-guard.lod2.glb,35793,35793,0
/assets/models/npc.civilian-man-a.lod1.glb,62866,62866,0
/assets/models/npc.civilian-man-b.lod1.glb,61295,61295,0
/assets/models/npc.civilian-man-b.lod2.glb,38498,38498,0
/assets/models/npc.civilian-woman-a.lod1.glb,134944,134944,0
/assets/models/npc.civilian-elderly.lod1.glb,67496,67496,0
/assets/models/npc.civilian-elderly.lod2.glb,50315,50315,0
/assets/models/npc.depot-clerk.lod1.glb,72359,72359,0
/assets/models/inf.common-worker.glb,255692,255692,0
/assets/models/inf.common-worker.lod2.glb,59790,59790,0
/assets/models/bld.house-e.lod2.glb,60487,60487,0
/assets/models/prop.garden-bush-small.lod1.glb,6807,6807,0
/assets/models/prop.mailbox-blue.lod1.glb,14920,14920,0
/assets/models/prop.mailbox-blue.lod2.glb,12095,12095,0
/assets/models/prop.kiddie-pool.lod1.glb,16431,16431,0
/assets/models/prop.kiddie-pool.lod2.glb,5955,5955,0
/assets/models/prop.sprinkler.lod1.glb,13712,13712,0
/assets/models/prop.hose-reel.lod2.glb,6998,6998,0
/assets/models/bld.house-c.lod1.glb,937757,937757,0
/assets/models/bld.house-c.lod2.glb,459156,459156,0
/assets/models/veh.suv-dark.lod1.glb,229663,229663,0
/assets/models/veh.suv-dark.lod2.glb,191259,191259,0
/assets/models/prop.gnome.lod2.glb,8626,8626,0
/assets/models/veh.pickup-red.lod1.glb,272327,272327,0
/assets/models/veh.pickup-red.lod2.glb,249419,249419,0
/assets/models/veh.sedan-white.lod1.glb,449491,449491,0
/assets/models/veh.sedan-white.lod2.glb,325035,325035,0
/assets/models/veh.sedan-green.lod2.glb,51374,51374,0
/assets/models/veh.pickup-white.lod2.glb,66363,66363,0
/assets/models/veh.sedan-red.lod2.glb,87840,87840,0
/assets/models/bld.cafe-corner.lod1.glb,157294,157294,0
/assets/models/veh.courier-van.lod2.glb,541074,541074,0
/assets/models/bld.clinic-annex.lod2.glb,75003,75003,0
/assets/models/prop.lab-signs.lod2.glb,94228,94228,0
/assets/models/prop.fire-hydrant.lod1.glb,15464,15464,0
/assets/models/bld.fire-station.lod1.glb,119615,119615,0
/assets/models/kit.edge-roadwork.glb,116816,116816,0
/assets/models/prop.broken-chair.lod1.glb,13703,13703,0
/assets/models/prop.broken-chair.lod2.glb,4926,4926,0
/assets/models/prop.trash-bags.lod2.glb,5895,5895,0
/assets/models/prop.carpet.lod2.glb,7958,7958,0
/assets/models/prop.recycling-bin.lod1.glb,11495,11495,0
/assets/models/prop.recycling-bin.lod2.glb,5555,5555,0
/assets/models/prop.laundry-line.lod2.glb,6475,6475,0
/assets/models/prop.traffic-cone.lod2.glb,5506,5506,0
/assets/models/wpn.pistol.glb,46602,46602,0
/assets/models/thr.frag-grenade.glb,58591,58591,0
/assets/models/bld.bus-stop.glb,129563,129563,0
/assets/models/bld.cafe-corner.glb,1269030,1269030,0
/assets/models/prop.fire-hydrant.glb,82549,82549,0
/assets/models/prop.street-sign.glb,82019,82019,0
/assets/models/veh.sedan-white.glb,626862,626862,0
/assets/decals/blood-splats.png,18866,18866,0
image/svg+xml,%3csvg%20xmlns='http://www.w3.org/2000/svg'%20viewBox='0%200%2064%2064'%3e%3crect%20width='64'%20height='64'%20rx='12'%20fill='%23293447'/%3e%3cg%20stroke='%23ffd166'%20stroke-width='3'%20fill='%23665044'%20stroke-linejoin='round'%3e%3cpath%20d='M22%2050V40L13%2030Q10%2025%2015%2023L22%2028V18Q22%2012%2028%2015Q33%2010%2037%2015Q43%2012%2046%2018Q52%2016%2052%2023V34Q52%2042%2044%2045V50Z'/%3e%3cpath%20d='M28%2017V28M37%2017V28M46%2020V29M22%2028L35%2031V37'%20fill='none'/%3e%3c/g%3e%3c/svg%3e,380,380,0
image/svg+xml,%3csvg%20xmlns='http://www.w3.org/2000/svg'%20viewBox='0%200%2064%2064'%3e%3crect%20width='64'%20height='64'%20rx='12'%20fill='%23293447'/%3e%3cg%20stroke='%23ffd166'%20stroke-width='3'%20stroke-linejoin='round'%3e%3cpath%20d='M17%2014H34V31L47%2037Q54%2040%2053%2047H14L13%2033Z'%20fill='%23665044'/%3e%3cpath%20d='M14%2047H53V51H14Z'%20fill='%23ffd166'/%3e%3cpath%20d='M26%2022H33M26%2028H33M31%2034L37%2036M36%2038L42%2040'%20fill='none'/%3e%3c/g%3e%3c/svg%3e,360,360,0
/build/InputFrame-HASH.js,4202,4203,-1
/build/Physics-HASH.js,175673,175674,-1
/build/lookViewpoints-HASH.js,208,209,-1
/build/rapier-HASH.wasm,1017357,1017358,-1
/assets/audio/ui.webm,34701,34702,-1
/assets/models/char.corgi.glb,272208,272209,-1
/ui/home/home-landscape-1920.avif,117125,117126,-1
/assets/models/prop.picket-fence.lod1.glb,6358,6359,-1
/assets/models/prop.garden-bush.lod2.glb,6642,6643,-1
/assets/models/npc.civilian-woman-a.lod2.glb,54942,54943,-1
/assets/models/npc.depot-clerk.lod2.glb,36681,36682,-1
/assets/models/npc.firefighter-alive.lod1.glb,64918,64919,-1
/assets/models/veh.courier-bike.glb,174138,174139,-1
/assets/models/prop.garden-bush-small.lod2.glb,6670,6671,-1
/assets/models/bld.house-d.lod1.glb,222853,222854,-1
/assets/models/prop.hose-reel.lod1.glb,11891,11892,-1
/assets/models/prop.street-tree-blossom.lod2.glb,21996,21997,-1
/assets/models/veh.suv-green.lod2.glb,452759,452760,-1
/assets/models/bld.mainstreet-brick.lod2.glb,424773,424774,-1
/assets/models/bld.gas-station.lod1.glb,785031,785032,-1
/assets/models/prop.street-sign.lod2.glb,12611,12612,-1
/assets/models/prop.crates.lod2.glb,7058,7059,-1
/assets/models/prop.vending-machine.lod1.glb,49606,49607,-1
/assets/models/char.courier-male.glb,227172,227173,-1
/assets/models/prop.bench.glb,103474,103475,-1
/assets/models/prop.picket-fence.glb,70815,70816,-1
/assets/models/prop.privacy-fence.glb,41965,41966,-1
/assets/models/npc.lab-tech-b.lod2.glb,34948,34950,-2
/,677,681,-4
/assets/models/prop.flower-bed.large.lod1.glb,61510,61518,-8
/assets/models/prop.bench.lod1.glb,9514,9522,-8
/assets/models/prop.bench.lod2.glb,6850,6858,-8
/assets/models/prop.street-lamp.lod2.glb,7482,7490,-8
/assets/models/prop.street-sign.lod1.glb,17212,17220,-8
/assets/models/bld.house-d.lod2.glb,74738,74747,-9
/assets/models/prop.flower-bed.large.lod2.glb,9709,9718,-9
/assets/models/prop.lawn-chair-a.lod1.glb,9357,9366,-9
/assets/models/prop.lawn-chair-a.lod2.glb,4033,4042,-9
/assets/models/prop.lawn-chair-b.lod2.glb,4021,4030,-9
/assets/models/prop.bbq.lod2.glb,6069,6078,-9
/assets/models/prop.bike-rack.lod1.glb,10919,10928,-9
/assets/models/prop.trash-bin.lod1.glb,23756,23765,-9
/assets/models/prop.trash-bin.lod2.glb,19464,19473,-9
/assets/models/bld.courier-depot.lod2.glb,37376,37385,-9
/assets/models/prop.pallet.lod2.glb,2978,2987,-9
/assets/models/kit.car-wash.lod2.glb,21503,21512,-9
/assets/models/bld.fire-station.lod2.glb,41860,41869,-9
/assets/models/prop.street-lamp.lod1.glb,9202,9211,-9
/assets/models/veh.sedan-blue.lod1.glb,66730,66740,-10
/assets/models/prop.wheelbarrow.lod2.glb,6441,6451,-10
/assets/models/prop.lawn-chair-b.lod1.glb,9353,9363,-10
/assets/models/bld.cafe-corner.lod2.glb,53241,53251,-10
/assets/models/prop.bike-rack.lod2.glb,5361,5371,-10
/assets/models/bld.bus-stop.lod2.glb,45772,45782,-10
/assets/models/bld.garage-detached.lod2.glb,47340,47350,-10
/assets/models/kit.car-wash.lod1.glb,43564,43574,-10
/build/Pickups-HASH.js,71810,71833,-23
/assets/audio/dialogue.webm,78925,78948,-23
/assets/audio/impacts.webm,761636,761660,-24
/build/index-HASH.js,165932,166568,-636
